{
    "rmse": 0.6992004961198047,
    "mae": 0.5478069406816236,
    "r2": 0.2769030422568157
}