{
    "rmse": 0.670409677576053,
    "mae": 0.5195483874702141,
    "r2": 0.27034516695056265
}